{"cameraMode":{"drawMode":0,"name":"Shaded","section":"Shading Mode"},"sceneLighting":true,"audioPlay":false,"sceneViewState":{"m_AlwaysRefresh":false,"showFog":true,"showSkybox":true,"showFlares":true,"showImageEffects":true,"showParticleSystems":true,"showVisualEffectGraphs":true,"m_FxEnabled":true},"in2DMode":false,"pivot":{"x":1.3298487663269044,"y":7.951106071472168,"z":-1.5881268978118897},"rotation":{"x":0.19591806828975678,"y":-0.45676031708717348,"z":0.10385790467262268,"w":0.8615137934684753},"size":0.002454022876918316,"orthographic":false}