{"cameraMode":{"drawMode":0,"name":"Shaded","section":"Shading Mode"},"sceneLighting":true,"audioPlay":false,"sceneViewState":{"m_AlwaysRefresh":false,"showFog":true,"showSkybox":true,"showFlares":true,"showImageEffects":true,"showParticleSystems":true,"showVisualEffectGraphs":true,"m_FxEnabled":true},"in2DMode":false,"pivot":{"x":8.464861869812012,"y":-0.3772486448287964,"z":-23.057323455810548},"rotation":{"x":0.001159687526524067,"y":0.9988383650779724,"z":-0.03328399360179901,"w":0.03477279841899872},"size":12.968782424926758,"orthographic":false}