{"cameraMode":{"drawMode":0,"name":"Shaded","section":"Shading Mode"},"sceneLighting":true,"audioPlay":false,"sceneViewState":{"m_AlwaysRefresh":false,"showFog":true,"showSkybox":true,"showFlares":true,"showImageEffects":true,"showParticleSystems":true,"showVisualEffectGraphs":true,"m_FxEnabled":true},"in2DMode":false,"pivot":{"x":9.535013198852539,"y":-2.8647208213806154,"z":-22.61387062072754},"rotation":{"x":0.0042879097163677219,"y":0.9944861531257629,"z":-0.09457112848758698,"w":0.045080166310071948},"size":12.968782424926758,"orthographic":false}